Site,CDI
BART,0.023503191
HARV,0.02609853
TREE,0.020664444
SERC,0.032318234
ORNL,0.039734036
LENO,0.049445905
DELA,0.047870032