Site,CDI
BART,0.509652458
HARV,0.582321936
TREE,0.215083774
SERC,0.756473662
ORNL,0.964116125
LENO,1.236048449
DELA,1.191923992