plotID,FB
BART_032,0.001591992
BART_033,0.001152813
BART_034,0.001152813
HARV_001,0.000517129
HARV_004,0.000517129
HARV_016,0.000517129
ORNL_037,