plotID,meandryMassFraction
BART_032,0.4116875
BART_033,0.3731667
BART_034,0.3731667